{"name": "\u4ebf\u4e07\u7b2c\u4e09\u5b63", "href": "/content/meiju23473.html", "tv": "Showtime"}{"name": "\u9b3c\u73a9\u4eba\u7b2c\u4e09\u5b63", "href": "/content/meiju23219.html", "tv": "Starz"}{"name": "\u771f\u4f2a\u83ab\u8fa8\u7b2c\u4e00\u5b63", "href": "/content/meiju23431.html", "tv": "ABC"}{"name": "\u7f57\u9a6c\u4e09\u8d31\u5ba2\u7b2c\u56db\u5b63", "href": "/content/meiju23526.html", "tv": "ITV"}{"name": "\u4fe1\u4efb\u7b2c\u4e00\u5b63", "href": "/content/meiju23477.html", "tv": "FX"}{"name": "\u597d\u5973\u5b69\u7b2c\u4e00\u5b63", "href": "/content/meiju23556.html", "tv": "NBC"}{"name": "\u8def\u897f\u6cd5\u7b2c\u4e09\u5b63", "href": "/content/meiju23094.html", "tv": "FOX"}{"name": "\u4ee5\u4eba\u6c11\u4e4b\u540d\u7b2c\u4e00\u5b63", "href": "/content/meiju23464.html", "tv": "ABC"}{"name": "\u5973\u8d85\u4eba\u7b2c\u4e09\u5b63", "href": "/content/meiju23041.html", "tv": "CW"}{"name": "\u9000\u4f11\u8b66\u5bdf\u70e6\u4e8b\u591a\u7b2c\u4e8c\u5b63", "href": "/content/meiju23098.html", "tv": "CBS"}{"name": "\u8001\u7238\u6709\u62db\u7b2c\u4e8c\u5b63", "href": "/content/meiju23259.html", "tv": "CBS"}{"name": "\u8d85\u7ea7\u751c\u751c\u5708\u7b2c\u4e8c\u5b63", "href": "/content/meiju23304.html", "tv": "CBS"}{"name": "\u4f4f\u9662\u533b\u5e08\u7b2c\u4e00\u5b63", "href": "/content/meiju23309.html", "tv": "FOX"}{"name": "\u4ea4\u53c9\u4e16\u754c\u7b2c\u4e00\u5b63", "href": "/content/meiju23461.html", "tv": "ABC"}{"name": "\u798f\u5c14\u6469\u65af\uff1a\u57fa\u672c\u6f14\u7ece\u6cd5\u7b2c\u516d\u5b63", "href": "/content/meiju23109.html", "tv": "\u7ea6\u7ff0\u5c3c\u00b7\u674e\u00b7\u7c73\u52d2 , \u5218\u7389\u73b2"}{"name": "\u4e09\u4eba\u884c\u7b2c\u4e09\u5b63", "href": "/content/meiju23488.html", "tv": "\u5176\u4ed6"}{"name": "\u4e00\u4e2a\u4eba\u7684\u5730\u7403\u7b2c\u56db\u5b63", "href": "/content/meiju23160.html", "tv": "FOX"}{"name": "\u6740\u6b7b\u4f0a\u8299\u7b2c\u4e00\u5b63", "href": "/content/meiju23500.html", "tv": "BBC"}{"name": "\u751f\u547d\u65b0\u65c5\u7a0b\u7b2c\u4e00\u5b63", "href": "/content/meiju23423.html", "tv": "CW"}{"name": "\u56fd\u571f\u5b89\u5168\u7b2c\u4e03\u5b63", "href": "/content/meiju23287.html", "tv": "Showtime"}{"name": "\u5bb6\u53d8\u7b2c\u4e00\u5b63", "href": "/content/meiju23555.html", "tv": "BBC"}{"name": "\u626f\u86cb\u82f1\u56fd\u53f2\u7b2c\u4e00\u5b63", "href": "/content/meiju23527.html", "tv": "BBC"}{"name": "\u50b2\u9aa8\u4e4b\u6218\u7b2c\u4e8c\u5b63", "href": "/content/meiju23378.html", "tv": "CBS"}{"name": "\u7a77\u5c71\u6076\u6c34\u7b2c\u4e09\u5b63", "href": "/content/meiju23531.html", "tv": "AMC"}{"name": "\u65f6\u7a7a\u5b88\u536b\u7b2c\u4e8c\u5b63", "href": "/content/meiju23432.html", "tv": "NBC"}{"name": "\u897f\u90e8\u4e16\u754c\u7b2c\u4e8c\u5b63", "href": "/content/meiju23367.html", "tv": "HBO"}{"name": "\u884c\u5c38\u4e4b\u60e7\u7b2c\u56db\u5b63", "href": "/content/meiju23433.html", "tv": "AMC"}{"name": "\u73ed\u514b\u7f57\u592b\u7279\u7b2c\u4e00\u5b63", "href": "/content/meiju23502.html", "tv": "ITV"}{"name": "\u671d\u5723\u4e4b\u8def\u7b2c\u4e09\u5b63", "href": "/content/meiju23400.html", "tv": "Hulu"}{"name": "\u6df1\u6697\u52bf\u529b\u7b2c\u4e00\u5b63", "href": "/content/meiju23497.html", "tv": "FOX"}{"name": "\u751f\u6d3b\u70b9\u6ef4\u7b2c\u4e09\u5b63", "href": "/content/meiju23230.html", "tv": "CBS"}{"name": "\u6d3b\u5b9d\u6597\u6076\u9b3c\u7b2c\u4e00\u5b63", "href": "/content/meiju23169.html", "tv": "FOX"}{"name": "\u738b\u5ba4\u7b2c\u56db\u5b63", "href": "/content/meiju23455.html", "tv": "\u5176\u4ed6"}{"name": "\u7f1a\u7231\u4e4b\u7ea6\u7b2c\u4e8c\u5b63", "href": "/content/meiju23454.html", "tv": "E!"}{"name": "\u8517\u7cd6\u5973\u738b\u7b2c\u4e8c\u5b63", "href": "/content/meiju23406.html", "tv": "Oprah-Winfrey-Network"}{"name": "\u6210\u957f\u4e0d\u5bb9\u6613\u7b2c\u4e00\u5b63", "href": "/content/meiju23552.html", "tv": "FreeForm"}{"name": "\u8f9b\u666e\u68ee\u4e00\u5bb6\u7b2c\u4e8c\u5341\u4e5d\u5b63", "href": "/content/meiju23155.html", "tv": "FOX"}{"name": "\u829d\u52a0\u54e5\u6545\u4e8b\u7b2c\u4e00\u5b63", "href": "/content/meiju23371.html", "tv": "Showtime"}{"name": "\u94c1\u536b\u96c4\u72ee\u7b2c\u4e8c\u5b63", "href": "/content/meiju22935.html", "tv": "Disney"}{"name": "\u767d\u8863\u5973\u4eba\u7b2c\u4e00\u5b63", "href": "/content/meiju23528.html", "tv": "BBC"}{"name": "\u5f00\u5fc3\u6c49\u5821\u5e97\u7b2c\u516b\u5b63", "href": "/content/meiju23156.html", "tv": "FOX"}{"name": "\u5047\u9762\u771f\u60c5\u7b2c\u4e8c\u5b63", "href": "/content/meiju23408.html", "tv": "Bravo"}{"name": "\u5df4\u91cc\u7b2c\u4e00\u5b63", "href": "/content/meiju23476.html", "tv": "HBO"}{"name": "\u5fb7\u96f7\u5c14\u4e00\u5bb6\u7b2c\u4e09\u5b63", "href": "/content/meiju23456.html", "tv": "ITV"}{"name": "\u672c\u80fd\u7b2c\u4e00\u5b63", "href": "/content/meiju23452.html", "tv": "CBS"}{"name": "\u8fd9\u4e2a\u8b66\u5bdf\u6709\u70b9\u70e6\u7b2c\u4e94\u5b63", "href": "/content/meiju23121.html", "tv": "FOX"}{"name": "\u6076\u641e\u4e4b\u5bb6\u7b2c\u5341\u516d\u5b63", "href": "/content/meiju23154.html", "tv": "FOX"}{"name": "\u7845\u8c37\u7b2c\u4e94\u5b63", "href": "/content/meiju23474.html", "tv": "HBO"}{"name": "\u56fd\u52a1\u537f\u592b\u4eba\u7b2c\u56db\u5b63", "href": "/content/meiju23173.html", "tv": "CBS"}{"name": "\u6d77\u519b\u7f6a\u6848\u8c03\u67e5\u5904\uff1a\u6d1b\u6749\u77f6\u7b2c\u4e5d\u5b63", "href": "/content/meiju23153.html", "tv": "CBS"}{"name": "\u6697\u5f71\u730e\u4eba\u7b2c\u4e09\u5b63", "href": "/content/meiju23460.html", "tv": "FREEFORM"}{"name": "\u95f4\u8c0d\u4e9a\u5951\u7b2c\u516b\u5b63", "href": "/content/meiju23554.html", "tv": "FX"}{"name": "\u95f4\u8c0d\u4e9a\u5951\u7b2c\u4e03\u5b63", "href": "/content/meiju23553.html", "tv": "FX"}{"name": "\u4e9a\u7279\u5170\u5927\u7b2c\u4e8c\u5b63", "href": "/content/meiju23418.html", "tv": "FX"}{"name": "\u4e11\u95fb\u7b2c\u4e03\u5b63", "href": "/content/meiju23189.html", "tv": "ABC"}{"name": "\u6cd5\u5f8b\u4e0e\u79e9\u5e8f\u7279\u6b8a\u53d7\u5bb3\u8005\u7b2c\u5341\u4e5d\u5b63", "href": "/content/meiju23136.html", "tv": "NBC"}{"name": "\u9ed1\u8272\u8b66\u62a5\u7b2c\u4e09\u5b63", "href": "/content/meiju23459.html", "tv": "CBS"}{"name": "\u6765\u65e5\u65b9\u957f\u7b2c\u4e00\u5b63", "href": "/content/meiju23496.html", "tv": "Sky-Go"}{"name": "\u955c\u82b1\u6c34\u6708\u7b2c\u4e09\u5b63", "href": "/content/meiju23412.html", "tv": "My-Lifetime"}{"name": "\u76f2\u70b9\u7b2c\u4e09\u5b63", "href": "/content/meiju23166.html", "tv": "NBC"}{"name": "\u5b9e\u4e60\u533b\u751f", "href": "/content/meiju21078.html", "tv": "\u5176\u4ed6"}{"name": "\u8d4e\u91d1\u7b2c\u4e8c\u5b63", "href": "/content/meiju23499.html", "tv": "CBS"}{"name": "\u90aa\u6076\u529b\u91cf\u7b2c\u5341\u4e09\u5b63", "href": "/content/meiju23086.html", "tv": "CW"}{"name": "\u795e\u79d8\u6cd5\u533b\u7b2c\u4e00\u5b63", "href": "/content/meiju23451.html", "tv": "ABC"}{"name": "\u7ae5\u8bdd\u9547\u7b2c\u4e03\u5b63", "href": "/content/meiju23088.html", "tv": "ABC"}{"name": "\u5929\u5802\u6267\u6cd5\u8005\u7b2c\u516b\u5b63", "href": "/content/meiju23145.html", "tv": "CBS"}{"name": "\u51e1\u5c14\u8d5b\u7b2c\u4e09\u5b63", "href": "/content/meiju23546.html", "tv": "Canal+"}{"name": "\u503e\u542c\u5fc3\u7075\u7b2c\u4e94\u5b63", "href": "/content/meiju23420.html", "tv": "Hallmark-Channel"}{"name": "\u65b0\u7334\u738b\u4f20\u5947\u7b2c\u4e00\u5b63", "href": "/content/meiju23551.html", "tv": "Netflix"}{"name": "\u795e\u76fe\u5c40\u7279\u5de5\u7b2c\u4e94\u5b63", "href": "/content/meiju23091.html", "tv": "ABC"}{"name": "\u65b0\u767e\u6218\u5929\u9f99\u7b2c\u4e8c\u5b63", "href": "/content/meiju23150.html", "tv": "CBS"}{"name": "\u7eb8\u949e\u5c4b\u7b2c\u4e8c\u5b63", "href": "/content/meiju23514.html", "tv": "Netflix"}{"name": "\u80fd\u6e90\u94b1\u666f\u7b2c\u4e8c\u5b63", "href": "/content/meiju23450.html", "tv": "DR1"}{"name": "\u9c8d\u6bd4\u00b7\u80af\u5c3c\u8fea\u7ade\u9009\u603b\u7edf\u7b2c\u4e00\u5b63", "href": "/content/meiju23550.html", "tv": "Netflix"}{"name": "\u767e\u5206\u4e4b\u4e09\u7b2c\u4e8c\u5b63", "href": "/content/meiju23549.html", "tv": "Netflix"}{"name": "\u8b66\u5bdf\u4e16\u5bb6\u7b2c\u516b\u5b63", "href": "/content/meiju23149.html", "tv": "CBS"}{"name": "\u8c6a\u95e8\u6069\u6028\u7b2c\u4e00\u5b63", "href": "/content/meiju23183.html", "tv": "CW"}{"name": "\u5c0f\u732a\u4f69\u5947\u7b2c\u4e94\u5b63", "href": "/content/meiju23541.html", "tv": "Channel 4"}{"name": "\u829d\u52a0\u54e5\u70c8\u7130\u7b2c\u516d\u5b63", "href": "/content/meiju23142.html", "tv": "NBC"}{"name": "\u91d1\u88c5\u5f8b\u5e08\u7b2c\u4e03\u5b63", "href": "/content/meiju22931.html", "tv": "USA"}{"name": "\u9752\u6625\u5d1b\u8d77\u7b2c\u4e00\u5b63", "href": "/content/meiju23439.html", "tv": "NBC"}{"name": "\u8be1\u5a9a\u6d77\u5996\u7b2c\u4e00\u5b63", "href": "/content/meiju23487.html", "tv": "FREEFORM"}{"name": "\u563b\u54c8\u5e1d\u56fd\u7b2c\u56db\u5b63", "href": "/content/meiju23130.html", "tv": "FOX"}{"name": "\u8c0d\u7f51\u7b2c\u4e09\u5b63", "href": "/content/meiju23548.html", "tv": "ABC"}{"name": "\u6781\u54c1\u8001\u5988\u7b2c\u4e94\u5b63", "href": "/content/meiju23144.html", "tv": "CBS"}{"name": "\u65e0\u57a0\u7684\u592a\u7a7a\u7b2c\u4e09\u5b63", "href": "/content/meiju23350.html", "tv": "Syfy"}{"name": "\u751f\u6d3b\u5927\u7206\u70b8\u7b2c\u5341\u4e00\u5b63", "href": "/content/meiju23097.html", "tv": "CBS"}{"name": "\u7eff\u7bad\u4fa0\u7b2c\u516d\u5b63", "href": "/content/meiju23186.html", "tv": "CW"}{"name": "\u5b9e\u4e60\u533b\u751f\u683c\u857e\u7b2c\u5341\u56db\u5b63", "href": "/content/meiju23093.html", "tv": "ABC"}{"name": "\u5317\u5e7f\u573a", "href": "/content/meiju20593.html", "tv": "\u5176\u4ed6"}{"name": "\u8a93\u8a00\u7b2c\u4e00\u5b63", "href": "/content/meiju23428.html", "tv": "Crackle"}{"name": "\u5973\u4f5c\u5bb6\u4e0e\u8c0b\u6740\u6848\u7b2c\u516d\u5b63", "href": "/content/meiju23444.html", "tv": "\u5176\u4ed6"}{"name": "\u5929\u624d\u7b2c\u4e8c\u5b63", "href": "/content/meiju23539.html", "tv": "National-Geographic-Channel"}{"name": "\u5c0f\u8c22\u5c14\u987f\u7b2c\u4e00\u5b63", "href": "/content/meiju23106.html", "tv": "CBS"}{"name": "\u6076\u7b2c\u516d\u5b63", "href": "/content/meiju23533.html", "tv": "HBO"}{"name": "\u7206\u7b11\u8d85\u5e02\u7b2c\u4e09\u5b63", "href": "/content/meiju23141.html", "tv": "NBC"}{"name": "19\u53f7\u6d88\u9632\u5c40\u7b2c\u4e00\u5b63", "href": "/content/meiju23465.html", "tv": "ABC"}{"name": "\u62a4\u513f\u4f7f\u8005\u7b2c\u4e00\u5b63", "href": "/content/meiju23441.html", "tv": "NBC"}{"name": "\u9c81\u4fdd\u7f57\u53d8\u88c5\u7687\u540e\u79c0\u7b2c\u5341\u5b63", "href": "/content/meiju23480.html", "tv": "\u5176\u4ed6"}{"name": "\u53cd\u6050\u7279\u8b66\u7ec4\u7b2c\u4e00\u5b63", "href": "/content/meiju23226.html", "tv": "CBS"}